"Id","Position","First Name","Nickname","Last Name","FPPG","Played","Salary","Game","Team","Opponent","Injury Indicator","Injury Details","Tier","",""
"37319-104449","WR","Joe","Joe Horn Jr.","Horn Jr.","0","0","6000","JAC@BAL","BAL","JAC","","","","",""
"37319-72707","WR","Reece","Reece Horn","Horn","0","0","6000","ATL@MIA","MIA","ATL","","","","",""
"37319-14339","RB","Dion","Dion Lewis","Lewis","8.199999809265137","16","6000","TEN@PHI","TEN","PHI","","","","",""
"37319-54280","WR","Duke","Duke Williams","Williams","0","0","6000","IND@BUF","BUF","IND","","","","",""
"37319-14348","TE","Lee","Lee Smith","Smith","5.049999872843425","6","6000","IND@BUF","BUF","IND","","","","",""
"37319-24589","WR","Jaron","Jaron Brown","Brown","5.3599998474121096","10","6000","DEN@SEA","SEA","DEN","","","","",""
"37319-30733","WR","Cordarrelle","Cordarrelle Patterson","Patterson","5.733333333333333","15","6000","CAR@CHI","CHI","CAR","","","","",""
"37319-41997","WR","River","River Cracraft","Cracraft","0.4833333492279053","6","6000","DEN@SEA","DEN","SEA","Q","Oblique","","",""
"37319-40977","TE","Ricky","Ricky Seals-Jones","Seals-Jones","3.8199999491373697","15","6000","LAC@ARI","ARI","LAC","","","","",""
"37319-29715","QB","Kevin","Kevin Hogan","Hogan","9.694999694824219","4","6000","DEN@SEA","DEN","SEA","","","","",""
"37319-28694","TE","Jesse","Jesse James","James","4.9500002179827005","14","6000","NE@DET","DET","NE","","","","",""
"37319-27671","WR","Jake","Jake Kumerow","Kumerow","5.074999809265137","4","6000","HOU@GB","GB","HOU","","","","",""
"37319-27672","TE","Matt","Matt LaCosse","LaCosse","3.3076923076923075","13","6000","NE@DET","NE","DET","","","","",""
"37319-63512","WR","T.J.","T.J. Rahming","Rahming","0","0","6000","WAS@CLE","WAS","CLE","","","","",""
"37319-71705","TE","Noah","Noah Fant","Fant","0","0","6000","DEN@SEA","DEN","SEA","","","","",""
"37319-14362","TE","Charles","Charles Clay","Clay","2.4454545107754795","11","6000","LAC@ARI","ARI","LAC","NA","Knee","","",""
"37319-71706","TE","T.J.","T.J. Hockenson","Hockenson","0","0","6000","NE@DET","DET","NE","","","","",""
"37319-24607","QB","Chad","Chad Kelly","Kelly","-0.10000000149011612","1","6000","IND@BUF","IND","BUF","O","Suspension","","",""
"37319-63519","QB","Daniel","Daniel Jones","Jones","0","0","6000","NYJ@NYG","NYG","NYJ","","","","",""
"37319-62497","RB","David","David Johnson","Johnson","13.850000381469727","16","6000","LAC@ARI","ARI","LAC","","","","",""
"37319-14372","WR","Aldrick","Aldrick Robinson","Robinson","4.399999891008649","14","6000","CAR@CHI","CAR","CHI","","","","",""
"37319-56356","WR","Isaiah","Isaiah Ford","Ford","0","1","6000","ATL@MIA","MIA","ATL","","","","",""
"37319-29734","RB","Ty","Ty Montgomery","Montgomery","4.523076864389273","13","6000","NYJ@NYG","NYJ","NYG","","","","",""
"37319-56358","WR","Cam","Cam Phillips","Phillips","1.399999976158142","1","6000","IND@BUF","BUF","IND","","","","",""
"37319-55335","TE","David","David Njoku","Njoku","7.726666768391927","15","6000","WAS@CLE","CLE","WAS","","","","",""
"37319-55336","TE","Chris","Chris Herndon","Herndon","6.692856924874442","14","6000","NYJ@NYG","NYJ","NYG","O","Suspension","","",""
"37319-14377","QB","Tyrod","Tyrod Taylor","Taylor","10.854999542236328","4","6000","LAC@ARI","LAC","ARI","","","","",""
"37319-62505","TE","MyCole","MyCole Pruitt","Pruitt","2.9571429661342075","7","6000","TEN@PHI","TEN","PHI","","","","",""
"37319-64555","WR","Calvin","Calvin Ridley","Ridley","10.925000190734863","16","6000","ATL@MIA","ATL","MIA","Q","Hamstring","","",""
"37319-27692","RB","Josh","Josh Ferguson","Ferguson","0.8999999761581421","4","6000","HOU@GB","HOU","GB","","","","",""
"37319-42028","WR","Will","Will Fuller V","Fuller V","12.900000435965401","7","6000","HOU@GB","HOU","GB","","","","",""
"37319-62508","TE","James","James O'Shaughnessy","O'Shaughnessy","2.3857143947056363","14","6000","JAC@BAL","JAC","BAL","","","","",""
"37319-24621","WR","Charone","Charone Peake","Peake","1.1666666666666667","3","6000","NYJ@NYG","NYJ","NYG","","","","",""
"37319-62510","TE","Nick","Nick Boyle","Boyle","2.7333332697550454","12","6000","JAC@BAL","BAL","JAC","","","","",""
"37319-70705","TE","Trevon","Trevon Wesco","Wesco","0","0","6000","NYJ@NYG","NYJ","NYG","","","","",""
"37319-64563","TE","Hale","Hale Hentges","Hentges","0","0","6000","IND@BUF","IND","BUF","","","","",""
"37319-62519","WR","Tre","Tre McBride","McBride","3.6799999237060548","5","6000","JAC@BAL","JAC","BAL","","","","",""
"37319-14394","TE","Virgil","Virgil Green","Green","2.8076923076923075","13","6000","LAC@ARI","LAC","ARI","Q","Undisclosed","","",""
"37319-57403","WR","Courtland","Courtland Sutton","Sutton","7.206250190734863","16","6000","DEN@SEA","DEN","SEA","","","","",""
"37319-42046","TE","Durham","Durham Smythe","Smythe","1","8","6000","ATL@MIA","MIA","ATL","","","","",""
"37319-64575","RB","Derrick","Derrick Gore","Gore","0","0","6000","LAC@ARI","LAC","ARI","","","","",""
"37319-64576","RB","Damien","Damien Harris","Harris","0","0","6000","NE@DET","NE","DET","","","","",""
"37319-30788","QB","Tyler","Tyler Bray","Bray","-2","1","6000","CAR@CHI","CHI","CAR","","","","",""
"37319-55366","RB","Qadree","Qadree Ollison","Ollison","0","0","6000","ATL@MIA","ATL","MIA","","","","",""
"37319-44103","RB","Elijah","Elijah McGuire","McGuire","9.550000190734863","8","6000","NYJ@NYG","NYJ","NYG","","","","",""
"37319-64585","TE","Dawson","Dawson Knox","Knox","0","0","6000","IND@BUF","BUF","IND","Q","Hamstring","","",""
"37319-30800","TE","Jason","Jason Croom","Croom","3.453846271221454","13","6000","IND@BUF","BUF","IND","Q","Hamstring","","",""
"37319-53331","QB","Taylor","Taylor Heinicke","Heinicke","3.3799999237060545","5","6000","CAR@CHI","CAR","CHI","","","","",""
"37319-29780","TE","Zach","Zach Ertz","Ertz","13.893750190734863","16","6000","TEN@PHI","PHI","TEN","","","","",""
"37319-71767","TE","Caleb","Caleb Wilson","Wilson","0","0","6000","LAC@ARI","ARI","LAC","","","","",""
"37319-79967","TE","Adam","Adam Shaheen","Shaheen","3.825000047683716","4","6000","CAR@CHI","CHI","CAR","","","","",""
"37319-24671","WR","Adam","Adam Humphries","Humphries","9.418749809265137","16","6000","TEN@PHI","TEN","PHI","","","","",""
"37319-63589","QB","Sam","Sam Darnold","Darnold","14.107691838191105","13","6000","NYJ@NYG","NYJ","NYG","","","","",""
"37319-79972","WR","Chad","Chad Williams","Williams","3.25","10","6000","LAC@ARI","ARI","LAC","Q","Undisclosed","","",""
"37319-79974","RB","Tarik","Tarik Cohen","Cohen","12.40250015258789","16","6000","CAR@CHI","CHI","CAR","","","","",""
"37319-29805","TE","Ryan","Ryan Hewitt","Hewitt","3.299999952316284","2","6000","TEN@PHI","TEN","PHI","","","","",""
"37319-79980","TE","Eric","Eric Saubert","Saubert","1.4600000381469727","5","6000","ATL@MIA","ATL","MIA","","","","",""
"37319-79982","RB","Alex","Alex Armah","Armah","1.8125","8","6000","CAR@CHI","CAR","CHI","","","","",""
"37319-79987","WR","David","David Moore","Moore","6.285714285714286","14","6000","DEN@SEA","SEA","DEN","","","","",""
"37319-61555","WR","David","David Sills V","Sills V","0","0","6000","IND@BUF","BUF","IND","Q","Hamstring","","",""
"37319-52342","QB","Will","Will Grier","Grier","0","0","6000","CAR@CHI","CAR","CHI","","","","",""
"37319-52345","WR","Brandon","Brandon Powell","Powell","3.133333206176758","6","6000","NE@DET","DET","NE","","","","",""
"37319-39034","QB","Kurt","Kurt Benkert","Benkert","0","0","6000","ATL@MIA","ATL","MIA","Q","Toe","","",""
"37319-27771","WR","Cody","Cody Latimer","Latimer","5.083333333333333","6","6000","NYJ@NYG","NYG","NYJ","","","","",""
"37319-42107","WR","Robert","Robert Foster","Foster","7.781818043101918","11","6000","IND@BUF","BUF","IND","","","","",""
"37319-79998","WR","Keelan","Keelan Cole","Cole","5.392307574932392","13","6000","JAC@BAL","JAC","BAL","","","","",""
"37319-80001","RB","Austin","Austin Ekeler","Ekeler","10.664285932268415","14","6000","LAC@ARI","LAC","ARI","","","","",""
"37319-104577","WR","Gunner","Gunner Olszewski","Olszewski","0","0","6000","NE@DET","NE","DET","","","","",""
"37319-31874","RB","Kenneth","Kenneth Farrow","Farrow","0","0","6000","ATL@MIA","MIA","ATL","","","","",""
"37319-61570","RB","Chandler","Chandler Cox","Cox","0","0","6000","ATL@MIA","MIA","ATL","","","","",""
"37319-58499","TE","Parker","Parker Hesse","Hesse","0","0","6000","TEN@PHI","TEN","PHI","","","","",""
"37319-83074","TE","Dallas","Dallas Goedert","Goedert","5.278571537562779","14","6000","TEN@PHI","PHI","TEN","","","","",""
"37319-84098","WR","Jawill","Jawill Davis","Davis","0.8571428571428571","7","6000","HOU@GB","GB","HOU","Q","Kneecap","","",""
"37319-84101","WR","Vyncint","Vyncint Smith","Smith","4.400000095367432","4","6000","HOU@GB","HOU","GB","","","","",""
"37319-83079","QB","Kyle","Kyle Lauletta","Lauletta","-1.2000000476837158","1","6000","NYJ@NYG","NYG","NYJ","Q","Knee","","",""
"37319-28807","TE","Gabe","Gabe Holmes","Holmes","0","1","6000","IND@BUF","IND","BUF","","","","",""
"37319-83081","RB","Chase","Chase Edmonds","Edmonds","3.3187499046325684","16","6000","LAC@ARI","ARI","LAC","","","","",""
"37319-63625","RB","Nyheim","Nyheim Hines","Hines","8.087499618530273","16","6000","IND@BUF","IND","BUF","","","","",""
"37319-53390","WR","Zach","Zach Pascal","Pascal","4.099999941312349","13","6000","IND@BUF","IND","BUF","","","","",""
"37319-72846","WR","A.J.","A.J. Brown","Brown","0","0","6000","TEN@PHI","TEN","PHI","Q","Leg","","",""
"37319-83086","WR","Reece","Reece Fountain","Fountain","0","0","6000","IND@BUF","IND","BUF","","","","",""
"37319-47249","WR","Darvin","Darvin Kidsy","Kidsy","1.2999999523162842","1","6000","WAS@CLE","WAS","CLE","","","","",""
"37319-52369","QB","Manny","Manny Wilkins","Wilkins","0","0","6000","HOU@GB","GB","HOU","","","","",""
"37319-63634","WR","Jakobi","Jakobi Meyers","Meyers","0","0","6000","NE@DET","NE","DET","","","","",""
"37319-83091","RB","Trenton","Trenton Cannon","Cannon","3.6545455239035864","11","6000","NYJ@NYG","NYJ","NYG","","","","",""
"37319-52371","RB","Kalen","Kalen Ballage","Ballage","3.01818188753995","11","6000","ATL@MIA","MIA","ATL","","","","",""
"37319-62616","RB","Zach","Zach Zenner","Zenner","6.699999809265137","8","6000","NE@DET","DET","NE","","","","",""
"37319-27801","QB","Nate","Nate Sudfeld","Sudfeld","2.3399999141693115","2","6000","TEN@PHI","PHI","TEN","","","","",""
"37319-54426","TE","Andrew","Andrew Beck","Beck","0","0","6000","NE@DET","NE","DET","","","","",""
"37319-84122","RB","Detrez","Detrez Newsome","Newsome","2.6000000635782876","3","6000","LAC@ARI","LAC","ARI","","","","",""
"37319-84124","WR","J.J.","J.J. Jones","Jones","-0.30000001192092896","4","6000","NYJ@NYG","NYJ","NYG","","","","",""
"37319-86172","WR","Nick","Nick Easley","Easley","0","0","6000","IND@BUF","BUF","IND","","","","",""
"37319-42142","RB","Jordan","Jordan Howard","Howard","10.625","16","6000","TEN@PHI","PHI","TEN","","","","",""
"37319-80030","WR","Krishawn","Krishawn Hogan","Hogan","0","1","6000","IND@BUF","IND","BUF","","","","",""
"37319-25760","WR","Allen","Allen Hurns","Hurns","3.9615384615384617","13","6000","ATL@MIA","MIA","ATL","","","","",""
"37319-46244","RB","Donnel","Donnel Pumphrey","Pumphrey","0","0","6000","TEN@PHI","PHI","TEN","","","","",""
"37319-62628","WR","DeAndre","DeAndre Carter","Carter","2.4076922490046573","13","6000","HOU@GB","HOU","GB","NA","Undisclosed","","",""
"37319-71845","RB","Miles","Miles Sanders","Sanders","0","0","6000","TEN@PHI","PHI","TEN","","","","",""
"37319-11432","WR","Demaryius","Demaryius Thomas","Thomas","8.47999979654948","15","6000","NE@DET","NE","DET","NA","Achilles","","",""
"37319-84137","WR","Deontez","Deontez Alexander","Alexander","0","0","6000","NE@DET","DET","NE","","","","",""
"37319-29866","RB","Paul","Paul Perkins","Perkins","2.5142857687813893","7","6000","NYJ@NYG","NYG","NYJ","","","","",""
"37319-65706","WR","Deontay","Deontay Burnett","Burnett","3.8599998474121096","5","6000","NYJ@NYG","NYJ","NYG","","","","",""
"37319-45229","RB","Kareem","Kareem Hunt","Hunt","19.745454268022016","11","6000","WAS@CLE","CLE","WAS","O","Suspension","","",""
"37319-25775","TE","Clive","Clive Walford","Walford","2.0833333333333335","6","6000","ATL@MIA","MIA","ATL","Q","Undisclosed","","",""
"37319-24755","WR","Jamison","Jamison Crowder","Crowder","7.58888922797309","9","6000","NYJ@NYG","NYJ","NYG","","","","",""
"37319-83122","WR","Dorren","Dorren Miller","Miller","0","0","6000","TEN@PHI","PHI","TEN","","","","",""
"37319-40118","WR","Steven","Steven Mitchell Jr.","Mitchell Jr.","0","0","6000","HOU@GB","HOU","GB","","","","",""
"37319-52409","TE","Jakob","Jakob Johnson","Johnson","0","0","6000","NE@DET","NE","DET","","","","",""
"37319-83130","QB","Charles","Charles Kanoff","Kanoff","0","0","6000","LAC@ARI","ARI","LAC","","","","",""
"37319-32957","TE","Eric","Eric Tomlinson","Tomlinson","1.399999976158142","8","6000","NYJ@NYG","NYJ","NYG","","","","",""
"37319-40126","TE","Austin","Austin Hooper","Hooper","7.96875","16","6000","ATL@MIA","ATL","MIA","","","","",""
"37319-57537","QB","DeShone","DeShone Kizer","Kizer","2.4600000381469727","3","6000","HOU@GB","GB","HOU","","","","",""
"37319-68800","WR","Jaleel","Jaleel Scott","Scott","0","0","6000","JAC@BAL","BAL","JAC","","","","",""
"37319-83136","WR","Jalen","Jalen Tolliver","Tolliver","1.7333332697550456","3","6000","TEN@PHI","TEN","PHI","","","","",""
"37319-41155","RB","Taquan","Taquan Mizzell","Mizzell","2.424999952316284","8","6000","CAR@CHI","CHI","CAR","","","","",""
"37319-28868","TE","Austin","Austin Traylor","Traylor","3.5","4","6000","NE@DET","DET","NE","","","","",""
"37319-83140","RB","Christopher","Christopher Ezeala","Ezeala","0","0","6000","JAC@BAL","BAL","JAC","","","","",""
"37319-57543","RB","D'Ernest","D'Ernest Johnson","Johnson","0","0","6000","WAS@CLE","CLE","WAS","","","","",""
"37319-54472","WR","Cam","Cam Sims","Sims","0","0","6000","WAS@CLE","WAS","CLE","","","","",""
"37319-45259","QB","Logan","Logan Woodside","Woodside","0","0","6000","TEN@PHI","TEN","PHI","","","","",""
"37319-41164","WR","Andre","Andre Levrone","Levrone","0","0","6000","CAR@CHI","CAR","CHI","","","","",""
"37319-40148","WR","Ishmael","Ishmael Hyman","Hyman","0","0","6000","WAS@CLE","CLE","WAS","","","","",""
"37319-52436","TE","Mark","Mark Andrews","Andrews","5.637499809265137","16","6000","JAC@BAL","BAL","JAC","","","","",""
"37319-57556","TE","Jerome","Jerome Cunningham","Cunningham","0","1","6000","NE@DET","DET","NE","","","","",""
"37319-25813","WR","Phillip","Phillip Dorsett","Dorsett","5.990909229625355","11","6000","NE@DET","NE","DET","","","","",""
"37319-70868","RB","Damarea","Damarea Crockett","Crockett","0","0","6000","HOU@GB","HOU","GB","","","","",""
"37319-48344","WR","Albert","Albert Wilson","Wilson","11.968571254185267","7","6000","ATL@MIA","MIA","ATL","Q","Hip - labrum","","",""
"37319-28890","RB","Derek","Derek Watt","Watt","0.44999998807907104","4","6000","LAC@ARI","LAC","ARI","Q","Shoulder","","",""
"37319-55514","RB","Buddy","Buddy Howell","Howell","0","1","6000","HOU@GB","HOU","GB","","","","",""
"37319-29915","QB","Brett","Brett Hundley","Hundley","12.358182040127842","11","6000","LAC@ARI","ARI","LAC","","","","",""
"37319-11485","WR","Golden","Golden Tate","Tate","9.726666259765626","15","6000","NYJ@NYG","NYG","NYJ","O","Suspension","","",""
"37319-16606","WR","DeAndre","DeAndre Hopkins","Hopkins","17.25","16","6000","HOU@GB","HOU","GB","","","","",""
"37319-95455","WR","D.J.","D.J. Montgomery","Montgomery","0","0","6000","WAS@CLE","CLE","WAS","","","","",""
"37319-11488","TE","Ed","Ed Dickson","Dickson","4.355555640326606","9","6000","DEN@SEA","SEA","DEN","","","","",""
"37319-40162","RB","Elijah","Elijah Wellman","Wellman","0","0","6000","WAS@CLE","WAS","CLE","","","","",""
"37319-52451","RB","Samaje","Samaje Perine","Perine","1.2999999523162842","4","6000","WAS@CLE","WAS","CLE","","","","",""
"37319-28900","RB","Melvin","Melvin Gordon III","Gordon III","20.875","12","6000","LAC@ARI","LAC","ARI","Q","Contract dispute","","",""
"37319-40164","WR","Shelton","Shelton Gibson","Gibson","1.3250000476837158","4","6000","TEN@PHI","PHI","TEN","","","","",""
"37319-93413","WR","Terry","Terry Wright","Wright","0","0","6000","DEN@SEA","SEA","DEN","","","","",""
"37319-40167","RB","Gus","Gus Edwards","Edwards","8.0727275501598","11","6000","JAC@BAL","BAL","JAC","","","","",""
"37319-64744","RB","Josh","Josh Adams","Adams","6.533333460489909","12","6000","TEN@PHI","PHI","TEN","","","","",""
"37319-53482","WR","Damoun","Damoun Patterson","Patterson","0","0","6000","NE@DET","NE","DET","","","","",""
"37319-54507","QB","Alex","Alex McGough","McGough","0","0","6000","JAC@BAL","JAC","BAL","","","","",""
"37319-11500","QB","Colt","Colt McCoy","McCoy","10.06000010172526","3","6000","WAS@CLE","WAS","CLE","","","","",""
"37319-12525","D","Atlanta","Atlanta Falcons","Falcons","5.0625","16","6000","ATL@MIA","ATL","MIA","","","","",""
"37319-25837","RB","Duke","Duke Johnson Jr.","Johnson Jr.","6.78125","16","6000","WAS@CLE","CLE","WAS","Q","Hamstring","","",""
"37319-12526","D","Buffalo","Buffalo Bills","Bills","6.6875","16","6000","IND@BUF","BUF","IND","","","","",""
"37319-12527","D","Chicago","Chicago Bears","Bears","11.9375","16","6000","CAR@CHI","CHI","CAR","","","","",""
"37319-11504","WR","Andre","Andre Roberts","Roberts","1.931249976158142","16","6000","IND@BUF","BUF","IND","","","","",""
"37319-11505","WR","Emmanuel","Emmanuel Sanders","Sanders","13.56000010172526","12","6000","DEN@SEA","DEN","SEA","Q","Achilles","","",""
"37319-12529","D","Cleveland","Cleveland Browns","Browns","6.375","16","6000","WAS@CLE","CLE","WAS","","","","",""
"37319-24817","TE","Nick","Nick O'Leary","O'Leary","3.720000076293945","5","6000","ATL@MIA","MIA","ATL","","","","",""
"37319-12531","D","Denver","Denver Broncos","Broncos","8.25","16","6000","DEN@SEA","DEN","SEA","","","","",""
"37319-45299","RB","David","David Fluellen","Fluellen","0.800000011920929","2","6000","TEN@PHI","TEN","PHI","Q","Ankle","","",""
"37319-48371","WR","Robert","Robert Davis","Davis","0","0","6000","WAS@CLE","WAS","CLE","Q","Knee","","",""
"37319-12532","D","Detroit","Detroit Lions","Lions","6.25","16","6000","NE@DET","DET","NE","","","","",""
"37319-52468","TE","Ethan","Ethan Wolf","Wolf","0","0","6000","CAR@CHI","CAR","CHI","","","","",""
"37319-12533","D","Green Bay","Green Bay Packers","Packers","6.125","16","6000","HOU@GB","GB","HOU","","","","",""
"37319-12534","D","Tennessee","Tennessee Titans","Titans","7.4375","16","6000","TEN@PHI","TEN","PHI","","","","",""
"37319-12535","D","Indianapolis","Indianapolis Colts","Colts","7.5","16","6000","IND@BUF","IND","BUF","","","","",""
"37319-11512","TE","Jimmy","Jimmy Graham","Graham","6.443749904632568","16","6000","HOU@GB","GB","HOU","","","","",""
"37319-41210","TE","Matt","Matt Flanagan","Flanagan","0.949999988079071","2","6000","WAS@CLE","WAS","CLE","","","","",""
"37319-12539","D","Miami","Miami Dolphins","Dolphins","7.5","16","6000","ATL@MIA","MIA","ATL","","","","",""
"37319-72957","QB","Drew","Drew Anderson","Anderson","0","0","6000","LAC@ARI","ARI","LAC","","","","",""
"37319-12541","D","New England","New England Patriots","Patriots","8.6875","16","6000","NE@DET","NE","DET","","","","",""
"37319-29949","WR","Marvin","Marvin Hall","Hall","1.8499999727521623","14","6000","CAR@CHI","CHI","CAR","","","","",""
"37319-45309","WR","Alonzo","Alonzo Russell","Russell","0","0","6000","NYJ@NYG","NYG","NYJ","","","","",""
"37319-62718","TE","Daniel","Daniel Brown","Brown","0","1","6000","NYJ@NYG","NYJ","NYG","","","","",""
"37319-12543","D","New York","New York Giants","Giants","5.25","16","6000","NYJ@NYG","NYG","NYJ","","","","",""
"37319-12544","D","New York","New York Jets","Jets","6.8125","16","6000","NYJ@NYG","NYJ","NYG","","","","",""
"37319-12545","D","Philadelphia","Philadelphia Eagles","Eagles","6.0625","16","6000","TEN@PHI","PHI","TEN","","","","",""
"37319-12546","D","Arizona","Arizona Cardinals","Cardinals","6.5625","16","6000","LAC@ARI","ARI","LAC","","","","",""
"37319-28930","RB","James","James White","White","14.568750381469727","16","6000","NE@DET","NE","DET","","","","",""
"37319-52482","WR","Stephen","Stephen Louis","Louis","0","0","6000","HOU@GB","HOU","GB","","","","",""
"37319-12548","D","Los Angeles","Los Angeles Chargers","Chargers","7.375","16","6000","LAC@ARI","LAC","ARI","","","","",""
"37319-29956","TE","Joshua","Joshua Perkins","Perkins","3.066666603088379","3","6000","TEN@PHI","PHI","TEN","","","","",""
"37319-56580","WR","Christian","Christian Blake","Blake","0","0","6000","ATL@MIA","ATL","MIA","","","","",""
"37319-41221","WR","Andre","Andre Patton","Patton","0","0","6000","LAC@ARI","LAC","ARI","","","","",""
"37319-12550","D","Seattle","Seattle Seahawks","Seahawks","7.8125","16","6000","DEN@SEA","SEA","DEN","","","","",""
"37319-12552","D","Washington","Washington Redskins","Redskins","7.5","16","6000","WAS@CLE","WAS","CLE","","","","",""
"37319-12553","D","Carolina","Carolina Panthers","Panthers","5.75","16","6000","CAR@CHI","CAR","CHI","","","","",""
"37319-12554","D","Jacksonville","Jacksonville Jaguars","Jaguars","7.1875","16","6000","JAC@BAL","JAC","BAL","","","","",""
"37319-12555","D","Baltimore","Baltimore Ravens","Ravens","8.25","16","6000","JAC@BAL","BAL","JAC","","","","",""
"37319-39179","QB","Tanner","Tanner Lee","Lee","0","0","6000","JAC@BAL","JAC","BAL","","","","",""
"37319-12556","D","Houston","Houston Texans","Texans","9.25","16","6000","HOU@GB","HOU","GB","","","","",""
"37319-30989","RB","Kenyan","Kenyan Drake","Drake","11.231249809265137","16","6000","ATL@MIA","MIA","ATL","","","","",""
"37319-24847","TE","Will","Will Tye","Tye","2.9000000953674316","2","6000","TEN@PHI","PHI","TEN","","","","",""
"37319-52495","WR","Braxton","Braxton Berrios","Berrios","0","0","6000","NE@DET","NE","DET","","","","",""
"37319-64786","RB","Ryquell","Ryquell Armstead","Armstead","0","0","6000","JAC@BAL","JAC","BAL","","","","",""
"37319-83221","RB","De'Lance","De'Lance Turner","Turner","1.5499999523162842","2","6000","JAC@BAL","BAL","JAC","","","","",""
"37319-33047","WR","Chris","Chris Moore","Moore","2.453333282470703","15","6000","JAC@BAL","BAL","JAC","","","","",""
"37319-34071","WR","Nick","Nick Williams","Williams","0.675000011920929","4","6000","DEN@SEA","DEN","SEA","","","","",""
"37319-34073","TE","Ryan","Ryan Griffin","Griffin","3.269230769230769","13","6000","NYJ@NYG","NYJ","NYG","Q","Neck","","",""
"37319-68890","WR","Devin","Devin Gray","Gray","0","0","6000","ATL@MIA","ATL","MIA","","","","",""
"37319-53532","WR","Roger","Roger Lewis","Lewis","5.114285605294364","14","6000","IND@BUF","IND","BUF","","","","",""
"37319-29985","WR","Jaydon","Jaydon Mickens","Mickens","0","6","6000","CAR@CHI","CAR","CHI","","","","",""
"37319-60705","WR","Tyron","Tyron Johnson","Johnson","0","0","6000","HOU@GB","HOU","GB","","","","",""
"37319-60709","RB","Nick","Nick Brossette","Brossette","0","0","6000","NE@DET","NE","DET","","","","",""
"37319-46374","WR","Tanner","Tanner Gentry","Gentry","1.25","4","6000","CAR@CHI","CHI","CAR","","","","",""
"37319-56614","RB","A.J.","A.J. Ouellette","Ouellette","0","0","6000","WAS@CLE","CLE","WAS","","","","",""
"37319-31015","WR","DeAndrew","DeAndrew White","White","1.4500000476837158","2","6000","CAR@CHI","CAR","CHI","","","","",""
"37319-65839","TE","Kahale","Kahale Warring","Warring","0","0","6000","HOU@GB","HOU","GB","","","","",""
"37319-57651","WR","Travis","Travis Fulgham","Fulgham","0","0","6000","NE@DET","DET","NE","","","","",""
"37319-14645","WR","Dontrelle","Dontrelle Inman","Inman","7.800000190734863","8","6000","NE@DET","NE","DET","","","","",""
"37319-55609","TE","Ryan","Ryan Izzo","Izzo","0","0","6000","NE@DET","NE","DET","","","","",""
"37319-53562","RB","Nick","Nick Chubb","Chubb","11.53125","16","6000","WAS@CLE","CLE","WAS","","","","",""
"37319-24891","RB","Chris","Chris Thompson","Thompson","7.1099998474121096","10","6000","WAS@CLE","WAS","CLE","","","","",""
"37319-64827","WR","Miles","Miles Boykin","Boykin","0","0","6000","JAC@BAL","BAL","JAC","","","","",""
"37319-57662","RB","Trayone","Trayone Gray","Gray","0","0","6000","WAS@CLE","CLE","WAS","O","Calf","","",""
"37319-63806","RB","Kerryon","Kerryon Johnson","Johnson","12.34000015258789","10","6000","NE@DET","DET","NE","","","","",""
"37319-60735","RB","Derrius","Derrius Guice","Guice","0","0","6000","WAS@CLE","WAS","CLE","","","","",""
"37319-60736","WR","Jazz","Jazz Ferguson","Ferguson","0","0","6000","DEN@SEA","SEA","DEN","","","","",""
"37319-64835","RB","Dexter","Dexter Williams","Williams","0","0","6000","HOU@GB","GB","HOU","","","","",""
"37319-63812","WR","Ryan","Ryan Davis","Davis","0","0","6000","NE@DET","NE","DET","","","","",""
"37319-43334","RB","J.D.","J.D. McKissic","McKissic","0.26666667064030963","3","6000","DEN@SEA","SEA","DEN","","","","",""
"37319-31047","QB","AJ","AJ McCarron","McCarron","0.05999999865889549","2","6000","HOU@GB","HOU","GB","","","","",""
"37319-41287","TE","Cole","Cole Hunt","Hunt","0","0","6000","CAR@CHI","CAR","CHI","","","","",""
"37319-62791","RB","Mark","Mark Walton","Walton","1.6666666666666667","6","6000","ATL@MIA","MIA","ATL","","","","",""
"37319-56648","RB","Jeremy","Jeremy McNichols","McNichols","0.4000000059604645","1","6000","TEN@PHI","TEN","PHI","","","","",""
"37319-56649","WR","Sean","Sean Modster","Modster","0","0","6000","JAC@BAL","BAL","JAC","","","","",""
"37319-64841","WR","Equanimeous","Equanimeous St. Brown","St. Brown","3.98181811246005","11","6000","HOU@GB","GB","HOU","","","","",""
"37319-63819","WR","Darius","Darius Slayton","Slayton","0","0","6000","NYJ@NYG","NYG","NYJ","Q","Hamstring","","",""
"37319-34125","WR","Geremy","Geremy Davis","Davis","0","1","6000","LAC@ARI","LAC","ARI","","","","",""
"37319-27982","QB","Jake","Jake Rudock","Rudock","-0.03999999910593033","1","6000","ATL@MIA","MIA","ATL","","","","",""
"37319-54606","WR","John","John Brown","Brown","7.681250095367432","16","6000","IND@BUF","BUF","IND","","","","",""
"37319-52560","WR","Geronimo","Geronimo Allison","Allison","10.45999984741211","5","6000","HOU@GB","GB","HOU","","","","",""
"37319-31061","RB","T.J.","T.J. Yeldon","Yeldon","10.400000435965401","14","6000","IND@BUF","BUF","IND","","","","",""
"37319-24920","RB","Devonta","Devonta Freeman","Freeman","5.800000190734863","2","6000","ATL@MIA","ATL","MIA","","","","",""
"37319-41305","WR","Zay","Zay Jones","Jones","8.574999809265137","16","6000","IND@BUF","BUF","IND","","","","",""
"37319-73048","WR","DK","DK Metcalf","Metcalf","0","0","6000","DEN@SEA","SEA","DEN","","","","",""
"37319-55642","WR","C.J.","C.J. Worton","Worton","0","0","6000","ATL@MIA","ATL","MIA","","","","",""
"37319-14683","RB","Patrick","Patrick DiMarco","DiMarco","1.7200000762939454","5","6000","IND@BUF","BUF","IND","","","","",""
"37319-55644","TE","Moral","Moral Stephens","Stephens","0","0","6000","DEN@SEA","DEN","SEA","","","","",""
"37319-11615","QB","Joe","Joe Webb III","Webb III","2.299999952316284","1","6000","HOU@GB","HOU","GB","","","","",""
"37319-6498","QB","Tom","Tom Brady","Brady","18.237499237060547","16","6000","NE@DET","NE","DET","","","","",""
"37319-25957","TE","J.P.","J.P. Holtz","Holtz","0","0","6000","WAS@CLE","WAS","CLE","","","","",""
"37319-61798","QB","Gardner","Gardner Minshew","Minshew","0","0","6000","JAC@BAL","JAC","BAL","","","","",""
"37319-40298","WR","Derrick","Derrick Willies","Willies","7.599999904632568","1","6000","WAS@CLE","CLE","WAS","Q","Collarbone","","",""
"37319-63851","QB","Tyree","Tyree Jackson","Jackson","0","0","6000","IND@BUF","BUF","IND","","","","",""
"37319-61807","RB","Jeremy","Jeremy Cox","Cox","0","0","6000","LAC@ARI","LAC","ARI","","","","",""
"37319-14704","WR","Chris","Chris Hogan","Hogan","5.913333129882813","15","6000","CAR@CHI","CAR","CHI","","","","",""
"37319-39280","RB","Derrick","Derrick Henry","Henry","12.116250038146973","16","6000","TEN@PHI","TEN","PHI","Q","Calf","","",""
"37319-25969","QB","Tom","Tom Savage","Savage","7.085000038146973","8","6000","NE@DET","DET","NE","","","","",""
"37319-33137","WR","Justin","Justin Hardy","Hardy","2.018749952316284","16","6000","ATL@MIA","ATL","MIA","","","","",""
"37319-22898","RB","Brandon","Brandon Bolden","Bolden","5.579999923706055","5","6000","NE@DET","NE","DET","","","","",""
"37319-52598","WR","Johnnie","Johnnie Dixon","Dixon","0","0","6000","HOU@GB","HOU","GB","","","","",""
"37319-52602","WR","DeAndre","DeAndre Thompkins","Thompkins","0","0","6000","TEN@PHI","PHI","TEN","","","","",""
"37319-64892","RB","Bryce","Bryce Love","Love","0","0","6000","WAS@CLE","WAS","CLE","O","Knee - acl","","",""
"37319-38269","RB","Cameron","Cameron Artis-Payne","Artis-Payne","3.9749999046325684","4","6000","CAR@CHI","CAR","CHI","","","","",""
"37319-52606","QB","David","David Blough","Blough","0","0","6000","WAS@CLE","CLE","WAS","","","","",""
"37319-71039","WR","Kelvin","Kelvin Harmon","Harmon","0","0","6000","WAS@CLE","WAS","CLE","","","","",""
"37319-45439","WR","Corey","Corey Davis","Davis","9.443750381469727","16","6000","TEN@PHI","TEN","PHI","","","","",""
"37319-56708","TE","Will","Will Dissly","Dissly","7.900000095367432","4","6000","DEN@SEA","SEA","DEN","Q","Kneecap","","",""
"37319-52613","WR","Curtis","Curtis Samuel","Samuel","9.023077157827524","13","6000","CAR@CHI","CAR","CHI","","","","",""
"37319-53639","WR","Isaiah","Isaiah McKenzie","McKenzie","5.4375","8","6000","IND@BUF","BUF","IND","","","","",""
"37319-53640","RB","Sony","Sony Michel","Michel","10.430769700270433","13","6000","NE@DET","NE","DET","","","","",""
"37319-55689","RB","Ito","Ito Smith","Smith","6.476922842172476","13","6000","ATL@MIA","ATL","MIA","","","","",""
"37319-64905","WR","Trenton","Trenton Irwin","Irwin","0","0","6000","ATL@MIA","MIA","ATL","","","","",""
"37319-57739","RB","George","George Aston","Aston","0","0","6000","DEN@SEA","DEN","SEA","","","","",""
"37319-64907","WR","JJ","JJ Arcega-Whiteside","Arcega-Whiteside","0","0","6000","TEN@PHI","PHI","TEN","","","","",""
"37319-47501","WR","Marken","Marken Michel","Michel","0","0","6000","TEN@PHI","PHI","TEN","","","","",""
"37319-103824","QB","Easton","Easton Stick","Stick","0","0","6000","LAC@ARI","LAC","ARI","","","","",""
"37319-43413","RB","Kenneth","Kenneth Dixon","Dixon","8.566666920979818","6","6000","JAC@BAL","BAL","JAC","","","","",""
"37319-28055","WR","Amara","Amara Darboh","Darboh","1.3875000476837158","8","6000","DEN@SEA","SEA","DEN","","","","",""
"37319-80281","WR","C.J.","C.J. Board","Board","0","0","6000","JAC@BAL","JAC","BAL","","","","",""
"37319-41370","WR","Trevor","Trevor Davis","Davis","0","2","6000","HOU@GB","GB","HOU","","","","",""
"37319-41371","RB","Khalfani","Khalfani Muhammad","Muhammad","0","0","6000","DEN@SEA","DEN","SEA","","","","",""
"37319-29084","WR","Rashad","Rashad Ross","Ross","0","0","6000","CAR@CHI","CAR","CHI","","","","",""
"37319-38301","TE","Darren","Darren Fells","Fells","4.400000095367432","8","6000","HOU@GB","HOU","GB","","","","",""
"37319-32158","QB","Garrett","Garrett Gilbert","Gilbert","1.600000023841858","1","6000","WAS@CLE","CLE","WAS","","","","",""
"37319-55712","WR","Jonathan","Jonathan Duhart","Duhart","0","0","6000","NE@DET","DET","NE","","","","",""
"37319-28065","WR","Jehu","Jehu Chesson","Chesson","0.20000000298023224","4","6000","WAS@CLE","WAS","CLE","","","","",""
"37319-44449","WR","Willie","Willie Snead IV","Snead IV","7.385714394705636","14","6000","JAC@BAL","BAL","JAC","","","","",""
"37319-47523","WR","Tajae","Tajae Sharpe","Sharpe","4.157142911638532","14","6000","TEN@PHI","TEN","PHI","","","","",""
"37319-63907","TE","Josh","Josh Oliver","Oliver","0","0","6000","JAC@BAL","JAC","BAL","Q","Hamstring","","",""
"37319-80294","TE","Anthony","Anthony Firkser","Firkser","4.75","8","6000","TEN@PHI","TEN","PHI","Q","Undisclosed","","",""
"37319-43433","RB","Boston","Boston Scott","Scott","0","1","6000","TEN@PHI","PHI","TEN","","","","",""
"37319-27050","WR","Tyler","Tyler Lockett","Lockett","12.118749618530273","16","6000","DEN@SEA","SEA","DEN","","","","",""
"37319-80299","RB","Patrick","Patrick Ricard","Ricard","3.799999952316284","4","6000","JAC@BAL","BAL","JAC","","","","",""
"37319-42414","TE","Michael","Michael Colubiale","Colubiale","0","0","6000","JAC@BAL","JAC","BAL","IR","Concussion","","",""
"37319-22959","WR","Deonte","Deonte Thompson","Thompson","1.8923077216515174","13","6000","NYJ@NYG","NYJ","NYG","","","","",""
"37319-28080","WR","Devin","Devin Funchess","Funchess","7.2071429661342075","14","6000","IND@BUF","IND","BUF","","","","",""
"37319-21939","QB","Andrew","Andrew Luck","Luck","21.4012508392334","16","6000","IND@BUF","IND","BUF","Q","Calf","","",""
"37319-21941","QB","Robert","Robert Griffin III","Griffin III","0.41999998688697815","2","6000","JAC@BAL","BAL","JAC","Q","Thumb","","",""
"37319-26038","TE","Tyler","Tyler Kroft","Kroft","1.1199999809265138","5","6000","IND@BUF","BUF","IND","NA","Foot","","",""
"37319-27065","WR","Deante","Deante Burton","Burton","0","0","6000","HOU@GB","HOU","GB","","","","",""
"37319-103864","WR","Raphael","Raphael Leonard","Leonard","0","0","6000","JAC@BAL","JAC","BAL","","","","",""
"37319-60858","WR","Christian","Christian Kirk","Kirk","8.5","12","6000","LAC@ARI","ARI","LAC","","","","",""
"37319-21948","QB","Ryan","Ryan Tannehill","Tannehill","13.76909151944247","11","6000","TEN@PHI","TEN","PHI","","","","",""
"37319-60861","WR","Damion","Damion Ratley","Ratley","4.179999923706054","5","6000","WAS@CLE","CLE","WAS","Q","Hamstring","","",""
"37319-28095","RB","Thomas","Thomas Rawls","Rawls","3.0666667090521917","9","6000","JAC@BAL","JAC","BAL","Q","Hamstring","","",""
"37319-21952","WR","Michael","Michael Floyd","Floyd","2.3","10","6000","JAC@BAL","BAL","JAC","","","","",""
"37319-31169","TE","Jeremy","Jeremy Sprinkle","Sprinkle","2.1000000635782876","6","6000","WAS@CLE","WAS","CLE","","","","",""
"37319-72133","WR","Antoine","Antoine Wesley","Wesley","0","0","6000","JAC@BAL","BAL","JAC","","","","",""
"37319-55750","WR","Chris","Chris Lacy","Lacy","0","1","6000","NE@DET","DET","NE","","","","",""
"37319-26055","WR","Carlton","Carlton Agudosi","Agudosi","0","0","6000","TEN@PHI","PHI","TEN","","","","",""
"37319-39373","WR","Jaelen","Jaelen Strong","Strong","11.300000190734863","1","6000","WAS@CLE","CLE","WAS","","","","",""
"37319-44493","WR","Jordan","Jordan Williams-Lambert","Williams-Lambert","0","0","6000","CAR@CHI","CHI","CAR","Q","Hamstring","","",""
"37319-31184","RB","Jonathan","Jonathan Williams","Williams","0.20000000794728598","3","6000","IND@BUF","IND","BUF","","","","",""
"37319-22994","QB","Case","Case Keenum","Keenum","14.368749618530273","16","6000","WAS@CLE","WAS","CLE","","","","",""
"37319-41426","RB","Phillip","Phillip Lindsay","Lindsay","13.686666870117188","15","6000","DEN@SEA","DEN","SEA","","","","",""
"37319-21972","WR","Brian","Brian Quick","Quick","1.649999976158142","2","6000","WAS@CLE","WAS","CLE","","","","",""
"37319-54741","WR","Seth","Seth Roberts","Roberts","5.626666768391927","15","6000","JAC@BAL","BAL","JAC","","","","",""
"37319-103892","WR","Shawn","Shawn Bane","Bane","0","0","6000","ATL@MIA","ATL","MIA","","","","",""
"37319-41430","WR","Devin","Devin Ross","Ross","0","0","6000","TEN@PHI","PHI","TEN","","","","",""
"37319-54742","TE","Scott","Scott Simonson","Simonson","2.387500047683716","8","6000","NYJ@NYG","NYG","NYJ","","","","",""
"37319-6616","QB","Matt","Matt Ryan","Ryan","22.591249465942383","16","6000","ATL@MIA","ATL","MIA","","","","",""
"37319-84440","TE","Jaeden","Jaeden Graham","Graham","0","0","6000","ATL@MIA","ATL","MIA","","","","",""
"37319-85464","WR","Blake","Blake Jackson","Jackson","0","0","6000","WAS@CLE","CLE","WAS","","","","",""
"37319-103899","WR","Damion","Damion Jeanpiere Jr.","Jeanpiere Jr.","0","0","6000","CAR@CHI","CAR","CHI","","","","",""
"37319-21980","WR","Alshon","Alshon Jeffery","Jeffery","11.753846388596754","13","6000","TEN@PHI","PHI","TEN","","","","",""
"37319-55774","WR","Dorian","Dorian Baker","Baker","0","0","6000","WAS@CLE","CLE","WAS","","","","",""
"37319-62942","TE","Justin","Justin Johnson","Johnson","0","0","6000","DEN@SEA","SEA","DEN","","","","",""
"37319-73183","QB","Dwayne","Dwayne Haskins","Haskins","0","0","6000","WAS@CLE","WAS","CLE","","","","",""
"37319-80353","TE","Robert","Robert Tonyan","Tonyan","3.1399999618530274","5","6000","HOU@GB","GB","HOU","","","","",""
"37319-54753","WR","Taylor","Taylor Gabriel","Gabriel","7.400000095367432","16","6000","CAR@CHI","CHI","CAR","","","","",""
"37319-80352","TE","Billy","Billy Brown","Brown","0","0","6000","IND@BUF","IND","BUF","","","","",""
"37319-103906","RB","Xavier","Xavier Turner","Turner","0","0","6000","LAC@ARI","ARI","LAC","","","","",""
"37319-14820","RB","Nick","Nick Bellore","Bellore","0.875","4","6000","DEN@SEA","SEA","DEN","","","","",""
"37319-103908","TE","Drew","Drew Belcher","Belcher","0","0","6000","LAC@ARI","ARI","LAC","","","","",""
"37319-56809","WR","Allen","Allen Lazard","Lazard","1.2000000476837158","1","6000","HOU@GB","GB","HOU","","","","",""
"37319-7659","QB","Ryan","Ryan Fitzpatrick","Fitzpatrick","22.229999542236328","8","6000","ATL@MIA","MIA","ATL","","","","",""
"37319-32235","WR","Marcus","Marcus Johnson","Johnson","4.75","4","6000","IND@BUF","IND","BUF","","","","",""
"37319-88554","WR","Jamarius","Jamarius Way","Way","0","0","6000","DEN@SEA","DEN","SEA","","","","",""
"37319-33260","WR","DeVante","DeVante Parker","Parker","4.44545468417081","11","6000","ATL@MIA","MIA","ATL","","","","",""
"37319-27117","TE","Sean","Sean Culkin","Culkin","2.9000000953674316","1","6000","LAC@ARI","LAC","ARI","","","","",""
"37319-60910","WR","Dede","Dede Westbrook","Westbrook","9.15625","16","6000","JAC@BAL","JAC","BAL","","","","",""
"37319-57840","RB","Rashaad","Rashaad Penny","Penny","5.06923088660607","13","6000","DEN@SEA","SEA","DEN","","","","",""
"37319-41457","WR","Jordan","Jordan Smallwood","Smallwood","0","0","6000","LAC@ARI","LAC","ARI","","","","",""
"37319-40434","WR","Greg","Greg Ward Jr.","Ward Jr.","0","0","6000","TEN@PHI","PHI","TEN","","","","",""
"37319-41459","RB","Keith","Keith Ford","Ford","5.75","2","6000","IND@BUF","IND","BUF","","","","",""
"37319-22004","TE","Dwayne","Dwayne Allen","Allen","1.3999999364217122","3","6000","ATL@MIA","MIA","ATL","Q","Undisclosed","","",""
"37319-62967","WR","Preston","Preston Williams","Williams","0","0","6000","ATL@MIA","MIA","ATL","","","","",""
"37319-40442","RB","Aaron","Aaron Jones","Jones","13.199999491373697","12","6000","HOU@GB","GB","HOU","Q","Hamstring","","",""
"37319-28157","WR","Bennie","Bennie Fowler","Fowler","3.3900001525878904","10","6000","NYJ@NYG","NYG","NYJ","","","","",""
"37319-41469","TE","Darrell","Darrell Daniels","Daniels","0","2","6000","LAC@ARI","ARI","LAC","","","","",""
"37319-6654","QB","Matthew","Matthew Stafford","Stafford","13.948749542236328","16","6000","NE@DET","DET","NE","","","","",""
"37319-22015","QB","Russell","Russell Wilson","Wilson","19.1200008392334","16","6000","DEN@SEA","SEA","DEN","","","","",""
"37319-29183","RB","D.J.","D.J. Foster","Foster","3.3857143947056363","7","6000","LAC@ARI","ARI","LAC","Q","Knee - acl","","",""
"37319-22018","WR","Mohamed","Mohamed Sanu","Sanu","9.337499618530273","16","6000","ATL@MIA","ATL","MIA","","","","",""
"37319-60930","RB","Myles","Myles Gaskin","Gaskin","0","0","6000","ATL@MIA","MIA","ATL","","","","",""
"37319-103943","WR","Trinity","Trinity Benson","Benson","0","0","6000","DEN@SEA","DEN","SEA","","","","",""
"37319-22027","QB","Nick","Nick Foles","Foles","15.944000244140625","5","6000","JAC@BAL","JAC","BAL","","","","",""
"37319-22031","WR","T.Y.","T.Y. Hilton","Hilton","14.357142857142858","14","6000","IND@BUF","IND","BUF","","","","",""
"37319-6672","TE","Marcedes","Marcedes Lewis","Lewis","1.350000023841858","4","6000","HOU@GB","GB","HOU","","","","",""
"37319-29201","WR","Maurice","Maurice Harris","Harris","4.127272865988991","11","6000","NE@DET","NE","DET","","","","",""
"37319-62994","WR","Steven","Steven Sims Jr.","Sims Jr.","0","0","6000","WAS@CLE","WAS","CLE","","","","",""
"37319-22035","WR","Travis","Travis Benjamin","Benjamin","2.8916667302449546","12","6000","LAC@ARI","LAC","ARI","","","","",""
"37319-60947","QB","Jarrett","Jarrett Stidham","Stidham","0","0","6000","NE@DET","NE","DET","","","","",""
"37319-22037","RB","Lamar","Lamar Miller","Miller","11.435714721679688","14","6000","HOU@GB","HOU","GB","","","","",""
"37319-28181","RB","Le'Veon","Le'Veon Bell","Bell","19.940000406901042","15","6000","NYJ@NYG","NYJ","NYG","","","","",""
"37319-39445","WR","Brice","Brice Butler","Butler","3","5","6000","ATL@MIA","MIA","ATL","Q","Leg","","",""
"37319-55830","RB","D'Onta","D'Onta Foreman","Foreman","9.699999809265137","1","6000","HOU@GB","HOU","GB","","","","",""
"37319-62998","TE","Jace","Jace Sternberger","Sternberger","0","0","6000","HOU@GB","GB","HOU","","","","",""
"37319-6679","QB","Matt","Matt Schaub","Schaub","0.30000001192092896","2","6000","ATL@MIA","ATL","MIA","","","","",""
"37319-30231","QB","Jacoby","Jacoby Brissett","Brissett","-0.1550000011920929","4","6000","IND@BUF","IND","BUF","","","","",""
"37319-39449","WR","Charles","Charles Johnson","Johnson","0","0","6000","TEN@PHI","PHI","TEN","","","","",""
"37319-16923","TE","Austin","Austin Seferian-Jenkins","Seferian-Jenkins","4.1","5","6000","NE@DET","NE","DET","","","","",""
"37319-40477","TE","Keith","Keith Towbridge","Towbridge","0","0","6000","IND@BUF","BUF","IND","","","","",""
"37319-72220","TE","Ellis","Ellis Richardson","Richardson","0","0","6000","CAR@CHI","CHI","CAR","","","","",""
"37319-31263","WR","Ricardo","Ricardo Louis","Louis","3.5142857687813893","14","6000","ATL@MIA","MIA","ATL","IR","Knee","","",""
"37319-64031","TE","Hayden","Hayden Hurst","Hurst","3.1999999152289496","9","6000","JAC@BAL","BAL","JAC","","","","",""
"37319-69150","WR","Jordan","Jordan Veasy","Veasy","0","0","6000","IND@BUF","IND","BUF","","","","",""
"37319-88606","WR","Floyd","Floyd Allen","Allen","0","0","6000","HOU@GB","HOU","GB","","","","",""
"37319-25122","WR","Amba","Amba Etta-Tawo","Etta-Tawo","0","0","6000","NYJ@NYG","NYG","NYJ","","","","",""
"37319-40482","QB","Tim","Tim Boyle","Boyle","0","0","6000","HOU@GB","GB","HOU","","","","",""
"37319-22051","TE","Orson","Orson Charles","Charles","0.6333333253860474","6","6000","WAS@CLE","CLE","WAS","","","","",""
"37319-23075","QB","Alex","Alex Tanney","Tanney","0","0","6000","NYJ@NYG","NYG","NYJ","","","","",""
"37319-31269","RB","Corey","Corey Grant","Grant","3.0399999618530273","5","6000","HOU@GB","GB","HOU","Q","Foot","","",""
"37319-22054","WR","Jarius","Jarius Wright","Wright","4.756249904632568","16","6000","CAR@CHI","CAR","CHI","","","","",""
"37319-44583","WR","Teo","Teo Redding","Redding","0","0","6000","HOU@GB","GB","HOU","","","","",""
"37319-33320","RB","Senorise","Senorise Perry","Perry","0","6","6000","IND@BUF","BUF","IND","","","","",""
"37319-46633","WR","Keenan","Keenan Reynolds","Reynolds","0","0","6000","DEN@SEA","SEA","DEN","","","","",""
"37319-28202","RB","Jeremy","Jeremy Langford","Langford","2.5","1","6000","ATL@MIA","ATL","MIA","","","","",""
"37319-61994","RB","Taj","Taj McGowan","McGowan","0","0","6000","JAC@BAL","JAC","BAL","IR","Knee","","",""
"37319-6703","RB","Adrian","Adrian Peterson","Peterson","11.1875","16","6000","WAS@CLE","WAS","CLE","","","","",""
"37319-14895","TE","Patrick","Patrick Scales","Scales","0","0","6000","CAR@CHI","CHI","CAR","","","","",""
"37319-22065","TE","Rhett","Rhett Ellison","Ellison","3.6692308279184194","13","6000","NYJ@NYG","NYG","NYJ","","","","",""
"37319-69168","WR","N'Keal","N'Keal Harry","Harry","0","0","6000","NE@DET","NE","DET","","","","",""
"37319-64051","QB","Drew","Drew Lock","Lock","0","0","6000","DEN@SEA","DEN","SEA","","","","",""
"37319-57909","RB","Marlon","Marlon Mack","Mack","14.133333841959635","12","6000","IND@BUF","IND","BUF","","","","",""
"37319-60983","WR","Anthony","Anthony Ratliff-Williams","Ratliff-Williams","0","0","6000","TEN@PHI","TEN","PHI","","","","",""
"37319-73273","RB","David","David Montgomery","Montgomery","0","0","6000","CAR@CHI","CHI","CAR","","","","",""
"37319-6714","QB","Joe","Joe Flacco","Flacco","15.900000678168404","9","6000","DEN@SEA","DEN","SEA","","","","",""
"37319-103995","WR","Alex","Alex Wesley","Wesley","0","0","6000","NYJ@NYG","NYG","NYJ","","","","",""
"37319-52795","TE","Charles","Charles Jones","Jones","0","0","6000","JAC@BAL","JAC","BAL","","","","",""
"37319-103996","WR","Reggie","Reggie White Jr.","White Jr.","0","0","6000","NYJ@NYG","NYG","NYJ","","","","",""
"37319-27199","RB","Marcus","Marcus Murphy","Murphy","3.3099998474121093","10","6000","IND@BUF","BUF","IND","Q","Elbow","","",""
"37319-41535","QB","Baker","Baker Mayfield","Mayfield","18.150000435965403","14","6000","WAS@CLE","CLE","WAS","","","","",""
"37319-45631","RB","Jamaal","Jamaal Williams","Williams","6.306250095367432","16","6000","HOU@GB","GB","HOU","Q","Hamstring","","",""
"37319-103998","WR","Thomas","Thomas Ives","Ives","0","0","6000","CAR@CHI","CHI","CAR","","","","",""
"37319-7744","QB","Drew","Drew Stanton","Stanton","11.091999816894532","5","6000","WAS@CLE","CLE","WAS","","","","",""
"37319-29249","RB","C.J.","C.J. Anderson","Anderson","7.211111280653212","9","6000","NE@DET","DET","NE","","","","",""
"37319-64065","WR","Emanuel","Emanuel Hall","Hall","0","0","6000","CAR@CHI","CHI","CAR","Q","Sports hernia","","",""
"37319-63043","WR","D.J.","D.J. Moore","Moore","8.09375","16","6000","CAR@CHI","CAR","CHI","","","","",""
"37319-29253","WR","Keenan","Keenan Allen","Allen","14.106667073567708","15","6000","LAC@ARI","LAC","ARI","","","","",""
"37319-64070","WR","Tim","Tim White","White","0.6333333253860474","3","6000","NYJ@NYG","NYJ","NYG","","","","",""
"37319-12872","RB","James","James Develin","Develin","2.6357143947056363","14","6000","NE@DET","NE","DET","","","","",""
"37319-52808","RB","Dontrell","Dontrell Hilliard","Hilliard","1.4","10","6000","WAS@CLE","CLE","WAS","","","","",""
"37319-104008","TE","Stephen","Stephen Carlson","Carlson","0","0","6000","WAS@CLE","CLE","WAS","","","","",""
"37319-63050","RB","Ty","Ty Johnson","Johnson","0","0","6000","NE@DET","DET","NE","","","","",""
"37319-32331","RB","Tra","Tra Carson","Carson","0","0","6000","HOU@GB","GB","HOU","Q","Ribs","","",""
"37319-61004","TE","Jerome","Jerome Washington","Washington","0","0","6000","LAC@ARI","ARI","LAC","","","","",""
"37319-104012","WR","Ashton","Ashton Dulin","Dulin","0","0","6000","IND@BUF","IND","BUF","","","","",""
"37319-104019","TE","Matt","Matt Orzech","Orzech","0","0","6000","JAC@BAL","BAL","JAC","","","","",""
"37319-6739","WR","DeSean","DeSean Jackson","Jackson","10.90000025431315","12","6000","TEN@PHI","PHI","TEN","","","","",""
"37319-63061","WR","Gary","Gary Jennings Jr.","Jennings Jr.","0","0","6000","DEN@SEA","SEA","DEN","","","","",""
"37319-22103","WR","Marvin","Marvin Jones Jr.","Jones Jr.","10.922222561306423","9","6000","NE@DET","DET","NE","","","","",""
"37319-18009","TE","Chris","Chris Manhertz","Manhertz","4.066666603088379","3","6000","CAR@CHI","CAR","CHI","","","","",""
"37319-30297","TE","Trey","Trey Burton","Burton","7.506249904632568","16","6000","CAR@CHI","CHI","CAR","Q","Sports hernia","","",""
"37319-30298","TE","Jordan","Jordan Reed","Reed","7.138461773212139","13","6000","WAS@CLE","WAS","CLE","","","","",""
"37319-62042","WR","Deon","Deon Cain","Cain","0","0","6000","IND@BUF","IND","BUF","","","","",""
"37319-29277","TE","Stephen","Stephen Anderson","Anderson","3.7642857687813893","14","6000","NE@DET","NE","DET","","","","",""
"37319-56925","TE","Charles","Charles Scarff","Scarff","0","0","6000","JAC@BAL","BAL","JAC","","","","",""
"37319-54879","QB","Deshaun","Deshaun Watson","Watson","21.293750762939453","16","6000","HOU@GB","HOU","GB","","","","",""
"37319-31329","WR","Russell","Russell Shepard","Shepard","5.114285605294364","7","6000","NYJ@NYG","NYG","NYJ","","","","",""
"37319-8803","QB","Chase","Chase Daniel","Daniel","8.050000190734863","4","6000","CAR@CHI","CHI","CAR","","","","",""
"37319-54885","WR","Artavis","Artavis Scott","Scott","0","0","6000","LAC@ARI","LAC","ARI","","","","",""
"37319-62055","WR","Ray-Ray","Ray-Ray McCloud III","McCloud III","0.5625","8","6000","IND@BUF","BUF","IND","","","","",""
"37319-80486","TE","Alex","Alex Gray","Gray","0","0","6000","ATL@MIA","ATL","MIA","","","","",""
"37319-55912","WR","Saeed","Saeed Blacknall","Blacknall","0","0","6000","ATL@MIA","MIA","ATL","","","","",""
"37319-38509","RB","Wendell","Wendell Smallwood","Smallwood","7.953846271221455","13","6000","TEN@PHI","PHI","TEN","","","","",""
"37319-63087","WR","Jaylen","Jaylen Smith","Smith","0","0","6000","JAC@BAL","BAL","JAC","","","","",""
"37319-38514","WR","Kevin","Kevin White","White","3.7333332697550454","3","6000","LAC@ARI","ARI","LAC","","","","",""
"37319-56947","TE","Chris","Chris Myarick","Myarick","0","0","6000","ATL@MIA","MIA","ATL","","","","",""
"37319-64119","RB","Chris","Chris Carson","Carson","13.67142813546317","14","6000","DEN@SEA","SEA","DEN","","","","",""
"37319-6779","RB","LeSean","LeSean McCoy","McCoy","7.871428353445871","14","6000","IND@BUF","BUF","IND","","","","",""
"37319-38523","TE","Geoff","Geoff Swaim","Swaim","5.400000095367432","8","6000","JAC@BAL","JAC","BAL","","","","",""
"37319-31360","WR","Odell","Odell Beckham Jr.","Beckham Jr.","15.986666361490885","12","6000","WAS@CLE","CLE","WAS","","","","",""
"37319-38528","TE","Tyrone","Tyrone Swoopes","Swoopes","2.799999952316284","1","6000","DEN@SEA","SEA","DEN","","","","",""
"37319-27266","WR","Quincy","Quincy Enunwa","Enunwa","6.172727411443537","11","6000","NYJ@NYG","NYJ","NYG","","","","",""
"37319-29314","TE","Richard","Richard Rodgers","Rodgers","1.2000000476837158","1","6000","TEN@PHI","PHI","TEN","Q","Foot","","",""
"37319-55940","WR","Chad","Chad Hansen","Hansen","2.316666603088379","6","6000","HOU@GB","HOU","GB","","","","",""
"37319-55941","RB","Patrick","Patrick Laird","Laird","0","0","6000","ATL@MIA","MIA","ATL","","","","",""
"37319-27273","RB","Andy","Andy Janovich","Janovich","2.4111111958821616","9","6000","DEN@SEA","DEN","SEA","","","","",""
"37319-26251","WR","Robby","Robby Anderson","Anderson","9.385713849748884","14","6000","NYJ@NYG","NYJ","NYG","","","","",""
"37319-63115","QB","Lamar","Lamar Jackson","Jackson","10.0337495803833","16","6000","JAC@BAL","BAL","JAC","","","","",""
"37319-53913","WR","Cody","Cody Hollister","Hollister","0","0","6000","TEN@PHI","TEN","PHI","","","","",""
"37319-95896","WR","Kelvin","Kelvin McKnight","McKnight","0","0","6000","DEN@SEA","DEN","SEA","","","","",""
"37319-23194","WR","Josh","Josh Gordon","Gordon","9.84999974568685","12","6000","NE@DET","NE","DET","O","Suspension","","",""
"37319-39580","RB","Devontae","Devontae Booker","Booker","4.300000190734863","16","6000","DEN@SEA","DEN","SEA","","","","",""
"37319-55964","RB","Tony","Tony Brooks-James","Brooks-James","0","0","6000","ATL@MIA","ATL","MIA","","","","",""
"37319-86687","WR","Marquise","Marquise Brown","Brown","0","0","6000","JAC@BAL","BAL","JAC","","","","",""
"37319-31394","WR","Jarvis","Jarvis Landry","Landry","11.038749694824219","16","6000","WAS@CLE","CLE","WAS","","","","",""
"37319-55970","RB","Royce","Royce Freeman","Freeman","6.735714503696987","14","6000","DEN@SEA","DEN","SEA","","","","",""
"37319-47780","WR","Taywan","Taywan Taylor","Taylor","5.315384498009315","13","6000","TEN@PHI","TEN","PHI","","","","",""
"37319-52902","WR","Trey","Trey Quinn","Quinn","6","3","6000","WAS@CLE","WAS","CLE","","","","",""
"37319-52903","WR","Malachi","Malachi Dupre","Dupre","0","0","6000","LAC@ARI","LAC","ARI","","","","",""
"37319-62119","TE","C.J.","C.J. Conrad","Conrad","0","0","6000","NYJ@NYG","NYG","NYJ","","","","",""
"37319-6826","QB","Eli","Eli Manning","Manning","15.6850004196167","16","6000","NYJ@NYG","NYG","NYJ","","","","",""
"37319-29357","RB","Kenjon","Kenjon Barner","Barner","0.8777777883741591","9","6000","ATL@MIA","ATL","MIA","","","","",""
"37319-29358","QB","Marcus","Marcus Mariota","Mariota","13.101428440638951","14","6000","TEN@PHI","TEN","PHI","","","","",""
"37319-31406","RB","Alfred","Alfred Blue","Blue","5.456250190734863","16","6000","JAC@BAL","JAC","BAL","","","","",""
"37319-64175","WR","Hakeem","Hakeem Butler","Butler","0","0","6000","LAC@ARI","ARI","LAC","","","","",""
"37319-7856","WR","Matthew","Matthew Slater","Slater","0","0","6000","NE@DET","NE","DET","","","","",""
"37319-69299","RB","Mark","Mark Thompson","Thompson","0","0","6000","NE@DET","DET","NE","","","","",""
"37319-7859","WR","Julian","Julian Edelman","Edelman","14.201666514078775","12","6000","NE@DET","NE","DET","O","Thumb","","",""
"37319-25267","WR","Mack","Mack Hollins","Hollins","3.327272588556463","11","6000","TEN@PHI","PHI","TEN","","","","",""
"37319-52916","WR","Russell","Russell Gage","Gage","1.8600000381469726","5","6000","ATL@MIA","ATL","MIA","","","","",""
"37319-52917","WR","D.J.","D.J. Chark Jr.","Chark Jr.","2.2399999618530275","10","6000","JAC@BAL","JAC","BAL","","","","",""
"37319-70324","QB","Carson","Carson Wentz","Wentz","18.19636396928267","11","6000","TEN@PHI","PHI","TEN","","","","",""
"37319-22198","WR","Brittan","Brittan Golden","Golden","1.3571428571428572","7","6000","NYJ@NYG","NYG","NYJ","Q","Groin","","",""
"37319-33463","QB","Paxton","Paxton Lynch","Lynch","8.899999618530273","2","6000","DEN@SEA","SEA","DEN","","","","",""
"37319-6840","RB","Frank","Frank Gore","Gore","6.899999891008649","14","6000","IND@BUF","BUF","IND","","","","",""
"37319-25272","TE","Eric","Eric Ebron","Ebron","11.824999809265137","16","6000","IND@BUF","IND","BUF","","","","",""
"37319-28346","TE","Maxx","Maxx Williams","Williams","3.2333333757188587","9","6000","LAC@ARI","ARI","LAC","","","","",""
"37319-52922","RB","Leonard","Leonard Fournette","Fournette","13.675000190734863","8","6000","JAC@BAL","JAC","BAL","","","","",""
"37319-71355","RB","Elijah","Elijah Holyfield","Holyfield","0","0","6000","CAR@CHI","CAR","CHI","","","","",""
"37319-104124","WR","Darrius","Darrius Shepherd","Shepherd","0","0","6000","HOU@GB","GB","HOU","","","","",""
"37319-7870","TE","Ben","Ben Watson","Watson","5.346153846153846","13","6000","NE@DET","NE","DET","O","Suspension","","",""
"37319-70335","TE","Seth","Seth DeValve","DeValve","3.1799999237060548","5","6000","WAS@CLE","CLE","WAS","Q","Concussion","","",""
"37319-71359","WR","Javon","Javon Wims","Wims","2.5999999046325684","2","6000","CAR@CHI","CHI","CAR","","","","",""
"37319-7872","QB","Brian","Brian Hoyer","Hoyer","-0.10399999618530273","5","6000","NE@DET","NE","DET","","","","",""
"37319-33472","RB","C.J.","C.J. Prosise","Prosise","1.7000000476837158","2","6000","DEN@SEA","SEA","DEN","Q","Illness","","",""
"37319-30403","WR","Chris","Chris Conley","Conley","5.0266667683919275","15","6000","JAC@BAL","JAC","BAL","","","","",""
"37319-52931","RB","Elijhaa","Elijhaa Penny","Penny","1.15","10","6000","NYJ@NYG","NYG","NYJ","","","","",""
"37319-81605","WR","Daniel","Daniel Williams","Williams","0","0","6000","DEN@SEA","SEA","DEN","","","","",""
"37319-40647","WR","Marquez","Marquez Valdes-Scantling","Valdes-Scantling","5.75","16","6000","HOU@GB","GB","HOU","","","","",""
"37319-70342","TE","Temarrick","Temarrick Hemingway","Hemingway","0","0","6000","CAR@CHI","CAR","CHI","","","","",""
"37319-40649","TE","Pharoah","Pharoah McKever","McKever","0","0","6000","HOU@GB","GB","HOU","","","","",""
"37319-27338","RB","Rex","Rex Burkhead","Burkhead","5.337500095367432","8","6000","NE@DET","NE","DET","Q","Undisclosed","","",""
"37319-22219","WR","Jermaine","Jermaine Kearse","Kearse","4.738461421086238","13","6000","NE@DET","DET","NE","","","","",""
"37319-69325","WR","Riley","Riley Ridley","Ridley","0","0","6000","CAR@CHI","CHI","CAR","Q","Hamstring","","",""
"37319-16078","TE","Ross","Ross Travis","Travis","1.1100000381469726","10","6000","IND@BUF","IND","BUF","Q","Hamstring","","",""
"37319-29390","TE","Evan","Evan Baylis","Baylis","0","0","6000","HOU@GB","GB","HOU","","","","",""
"37319-61134","WR","Kahlil","Kahlil Lewis","Lewis","0","0","6000","ATL@MIA","ATL","MIA","","","","",""
"37319-6863","TE","Delanie","Delanie Walker","Walker","7.199999809265137","1","6000","TEN@PHI","TEN","PHI","","","","",""
"37319-53967","RB","Nick","Nick Bawden","Bawden","0","0","6000","NE@DET","DET","NE","Q","Knee - acl","","",""
"37319-69326","TE","Isaac","Isaac Nauta","Nauta","0","0","6000","NE@DET","DET","NE","Q","Undisclosed","","",""
"37319-81617","WR","Justice","Justice Liggins","Liggins","0","0","6000","LAC@ARI","LAC","ARI","","","","",""
"37319-6870","TE","Vernon","Vernon Davis","Davis","4.861538520226111","13","6000","WAS@CLE","WAS","CLE","","","","",""
"37319-64215","RB","Karan","Karan Higdon Jr.","Higdon Jr.","0","0","6000","HOU@GB","HOU","GB","","","","",""
"37319-71386","TE","Jordan","Jordan Thomas","Thomas","3.9642857142857144","14","6000","HOU@GB","HOU","GB","Q","Hamstring","","",""
"37319-29404","RB","Byron","Byron Marshall","Marshall","1.1800000190734863","5","6000","WAS@CLE","WAS","CLE","","","","",""
"37319-45791","WR","Rashard","Rashard Higgins","Higgins","7.592307457557092","13","6000","WAS@CLE","CLE","WAS","","","","",""
"37319-38624","RB","T.J.","T.J. Logan","Logan","1.2333333492279053","6","6000","LAC@ARI","ARI","LAC","","","","",""
"37319-39649","RB","Benny","Benny Cunningham","Cunningham","0.3777777883741591","9","6000","JAC@BAL","JAC","BAL","","","","",""
"37319-40674","WR","Jester","Jester Weah","Weah","0","0","6000","HOU@GB","HOU","GB","","","","",""
"37319-6883","WR","Larry","Larry Fitzgerald","Fitzgerald","9.448749542236328","16","6000","LAC@ARI","ARI","LAC","","","","",""
"37319-29411","TE","Pharaoh","Pharaoh Brown","Brown","0","0","6000","WAS@CLE","CLE","WAS","","","","",""
"37319-31459","RB","Spencer","Spencer Ware","Ware","6.2727272727272725","11","6000","IND@BUF","IND","BUF","NA","Ankle","","",""
"37319-38628","QB","Mitchell","Mitchell Trubisky","Trubisky","19.64428492954799","14","6000","CAR@CHI","CHI","CAR","","","","",""
"37319-61157","QB","Brett","Brett Rypien","Rypien","0","0","6000","DEN@SEA","DEN","SEA","","","","",""
"37319-70372","WR","Chester","Chester Rogers","Rogers","5.662499904632568","16","6000","IND@BUF","IND","BUF","","","","",""
"37319-57064","RB","Ryan","Ryan Nall","Nall","0","0","6000","CAR@CHI","CHI","CAR","","","","",""
"37319-38636","TE","Bug","Bug Howard","Howard","0","0","6000","DEN@SEA","DEN","SEA","Q","Ankle","","",""
"37319-6894","QB","Aaron","Aaron Rodgers","Rodgers","19.6612491607666","16","6000","HOU@GB","GB","HOU","","","","",""
"37319-64242","WR","Keke","Keke Coutee","Coutee","8.116666793823242","6","6000","HOU@GB","HOU","GB","","","","",""
"37319-26355","TE","Logan","Logan Thomas","Thomas","1.787500023841858","8","6000","NE@DET","DET","NE","","","","",""
"37319-56051","WR","Caleb","Caleb Scott","Scott","0","0","6000","DEN@SEA","SEA","DEN","","","","",""
"37319-54007","TE","Jacob","Jacob Hollister","Hollister","3.5999999046325684","2","6000","DEN@SEA","SEA","DEN","","","","",""
"37319-40697","TE","Temuchin","Temuchin Hodges","Hodges","0","0","6000","NYJ@NYG","NYJ","NYG","","","","",""
"37319-54010","RB","Brian","Brian Hill","Hill","3.0200000762939454","5","6000","ATL@MIA","ATL","MIA","","","","",""
"37319-33531","TE","Ben","Ben Koyack","Koyack","1.3833333651224773","6","6000","JAC@BAL","JAC","BAL","","","","",""
"37319-54011","TE","Austin","Austin Fort","Fort","0","0","6000","DEN@SEA","DEN","SEA","","","","",""
"37319-56059","WR","Trent","Trent Sherfield","Sherfield","5.214285714285714","7","6000","LAC@ARI","ARI","LAC","","","","",""
"37319-56064","RB","Bo","Bo Scarbrough","Scarbrough","0","0","6000","DEN@SEA","SEA","DEN","","","","",""
"37319-6914","TE","Greg","Greg Olsen","Olsen","7.399999830457899","9","6000","CAR@CHI","CAR","CHI","","","","",""
"37319-57091","WR","Tim","Tim Patrick","Patrick","4.8700000762939455","10","6000","DEN@SEA","DEN","SEA","","","","",""
"37319-55050","RB","Christian","Christian McCaffrey","McCaffrey","20.75","16","6000","CAR@CHI","CAR","CHI","","","","",""
"37319-45835","WR","Da'Mari","Da'Mari Scott","Scott","0","0","6000","NYJ@NYG","NYG","NYJ","","","","",""
"37319-41741","WR","DaeSean","DaeSean Hamilton","Hamilton","5.6999999152289496","9","6000","DEN@SEA","DEN","SEA","Q","Hamstring","","",""
"37319-69390","WR","Marcus","Marcus Simms","Simms","0","0","6000","JAC@BAL","JAC","BAL","","","","",""
"37319-22288","WR","Cole","Cole Beasley","Beasley","7.356249809265137","16","6000","IND@BUF","BUF","IND","","","","",""
"37319-33552","WR","TJ","TJ Jones","Jones","3.375","12","6000","NYJ@NYG","NYG","NYJ","","","","",""
"37319-28434","QB","Trevor","Trevor Siemian","Siemian","12.736364191228693","11","6000","NYJ@NYG","NYJ","NYG","","","","",""
"37319-28437","RB","Danny","Danny Vitale","Vitale","0.699999988079071","1","6000","HOU@GB","GB","HOU","","","","",""
"37319-71444","RB","Travis","Travis Homer","Homer","0","0","6000","DEN@SEA","SEA","DEN","","","","",""
"37319-12055","TE","Logan","Logan Paulsen","Paulsen","2.8000000544956754","7","6000","ATL@MIA","ATL","MIA","","","","",""
"37319-70422","WR","Kalif","Kalif Raymond","Raymond","-0.05000000074505806","8","6000","TEN@PHI","TEN","PHI","","","","",""
"37319-104214","RB","Devontae","Devontae Jackson","Jackson","0","0","6000","DEN@SEA","DEN","SEA","","","","",""
"37319-29466","RB","Ricky","Ricky Ortiz","Ortiz","0.8666666348775228","3","6000","ATL@MIA","ATL","MIA","","","","",""
"37319-62239","QB","Josh","Josh Allen","Allen","18.338333129882812","12","6000","IND@BUF","BUF","IND","","","","",""
"37319-7968","QB","Philip","Philip Rivers","Rivers","18.563749313354492","16","6000","LAC@ARI","LAC","ARI","","","","",""
"37319-56099","RB","Cullen","Cullen Gillaspia","Gillaspia","0","0","6000","HOU@GB","HOU","GB","","","","",""
"37319-7972","RB","Darren","Darren Sproles","Sproles","8.916666666666666","6","6000","TEN@PHI","PHI","TEN","","","","",""
"37319-40746","TE","Troy","Troy Fumagalli","Fumagalli","0","0","6000","DEN@SEA","DEN","SEA","","","","",""
"37319-62250","WR","Joseph","Joseph Parker","Parker","0","0","6000","TEN@PHI","TEN","PHI","","","","",""
"37319-55088","WR","Malik","Malik Turner","Turner","1.5","2","6000","DEN@SEA","SEA","DEN","","","","",""
"37319-43826","WR","Tommylee","Tommylee Lewis","Lewis","2.0833333333333335","6","6000","NE@DET","DET","NE","NA","Undisclosed","","",""
"37319-32564","WR","Josh","Josh Doctson","Doctson","5.813333129882812","15","6000","WAS@CLE","WAS","CLE","","","","",""
"37319-40758","RB","Corey","Corey Clement","Clement","6.372727134011009","11","6000","TEN@PHI","PHI","TEN","Q","Knee","","",""
"37319-70457","TE","Cole","Cole Wick","Wick","0","1","6000","TEN@PHI","TEN","PHI","","","","",""
"37319-55099","TE","Ian","Ian Bunting","Bunting","0","0","6000","CAR@CHI","CHI","CAR","","","","",""
"37319-70458","TE","Jason","Jason Vander Laan","Vander Laan","0","0","6000","CAR@CHI","CAR","CHI","","","","",""
"37319-22336","WR","Josh","Josh Bellamy","Bellamy","2.053846212533804","13","6000","NYJ@NYG","NYJ","NYG","","","","",""
"37319-27457","WR","Kenny","Kenny Stills","Stills","7.727999877929688","15","6000","ATL@MIA","MIA","ATL","","","","",""
"37319-45889","WR","Davante","Davante Adams","Adams","18.273333740234374","15","6000","HOU@GB","GB","HOU","","","","",""
"37319-70464","QB","Josh","Josh Woodrum","Woodrum","0","0","6000","WAS@CLE","WAS","CLE","","","","",""
"37319-70467","WR","Andy","Andy Jones","Jones","3.9","5","6000","NE@DET","DET","NE","","","","",""
"37319-72515","TE","Ian","Ian Thomas","Thomas","6.329999923706055","10","6000","CAR@CHI","CAR","CHI","","","","",""
"37319-28487","TE","Jeff","Jeff Heuerman","Heuerman","5.55999984741211","10","6000","DEN@SEA","DEN","SEA","","","","",""
"37319-55112","TE","Davis","Davis Koppenhaver","Koppenhaver","0","0","6000","HOU@GB","GB","HOU","","","","",""
"37319-55113","RB","Shaun","Shaun Wilson","Wilson","0.9800000190734863","5","6000","WAS@CLE","WAS","CLE","","","","",""
"37319-56142","WR","Juwann","Juwann Winfree","Winfree","0","0","6000","DEN@SEA","DEN","SEA","","","","",""
"37319-27477","WR","Sterling","Sterling Shepard","Shepard","9.34375","16","6000","NYJ@NYG","NYG","NYJ","Q","Thumb","","",""
"37319-104278","TE","Donald","Donald Parham","Parham","0","0","6000","WAS@CLE","WAS","CLE","","","","",""
"37319-70489","TE","Ben","Ben Braunecker","Braunecker","1.1399999618530274","5","6000","CAR@CHI","CHI","CAR","","","","",""
"37319-104282","RB","Wes","Wes Hills","Hills","0","0","6000","LAC@ARI","ARI","LAC","","","","",""
"37319-64350","WR","Jeff","Jeff Smith","Smith","0","0","6000","NYJ@NYG","NYJ","NYG","","","","",""
"37319-104287","TE","Isaiah","Isaiah Searight","Searight","0","0","6000","NYJ@NYG","NYG","NYJ","Q","Hamstring","","",""
"37319-71521","RB","Justice","Justice Hill","Hill","0","0","6000","JAC@BAL","BAL","JAC","","","","",""
"37319-104289","WR","Malik","Malik Taylor","Taylor","0","0","6000","HOU@GB","GB","HOU","","","","",""
"37319-38753","TE","Jake","Jake Butt","Butt","4.166666666666667","3","6000","DEN@SEA","DEN","SEA","Q","Knee","","",""
"37319-28515","QB","Cardale","Cardale Jones","Jones","0","0","6000","LAC@ARI","LAC","ARI","","","","",""
"37319-41827","QB","Phillip","Phillip Walker","Walker","0","0","6000","IND@BUF","IND","BUF","","","","",""
"37319-64357","WR","Michael","Michael Walker","Walker","0","0","6000","JAC@BAL","JAC","BAL","","","","",""
"37319-53095","QB","Kyle","Kyle Allen","Allen","13.270000457763672","2","6000","CAR@CHI","CAR","CHI","","","","",""
"37319-104297","WR","Jason","Jason Moore","Moore","0","0","6000","LAC@ARI","LAC","ARI","","","","",""
"37319-14185","QB","Cam","Cam Newton","Newton","21.114286150251115","14","6000","CAR@CHI","CAR","CHI","","","","",""
"37319-55146","WR","Tyre","Tyre Brady","Brady","0","0","6000","JAC@BAL","JAC","BAL","","","","",""
"37319-15212","WR","Terrelle","Terrelle Pryor Sr.","Pryor Sr.","5.637499809265137","8","6000","JAC@BAL","JAC","BAL","","","","",""
"37319-55148","QB","Clayton","Clayton Thorson","Thorson","0","0","6000","TEN@PHI","PHI","TEN","","","","",""
"37319-28525","WR","Braxton","Braxton Miller","Miller","3.1799999237060548","10","6000","TEN@PHI","PHI","TEN","","","","",""
"37319-14190","WR","Julio","Julio Jones","Jones","16.837499618530273","16","6000","ATL@MIA","ATL","MIA","Q","Foot","","",""
"37319-55153","TE","Garrett","Garrett Dickerson","Dickerson","0","0","6000","NYJ@NYG","NYG","NYJ","","","","",""
"37319-31602","WR","Fred","Fred Brown","Brown","0","0","6000","DEN@SEA","DEN","SEA","","","","",""
"37319-26483","QB","Geno","Geno Smith","Smith","-0.3700000047683716","4","6000","DEN@SEA","SEA","DEN","","","","",""
"37319-39795","QB","Davis","Davis Webb","Webb","0","0","6000","NYJ@NYG","NYJ","NYG","","","","",""
"37319-57208","WR","KeeSean","KeeSean Johnson","Johnson","0","0","6000","LAC@ARI","ARI","LAC","","","","",""
"37319-62329","RB","Alex","Alex Barnes","Barnes","0","0","6000","TEN@PHI","TEN","PHI","","","","",""
"37319-55165","RB","Justin","Justin Jackson","Jackson","6.699999809265137","8","6000","LAC@ARI","LAC","ARI","","","","",""
"37319-63360","WR","Antonio","Antonio Callaway","Callaway","6.925000190734863","16","6000","WAS@CLE","CLE","WAS","","","","",""
"37319-28545","RB","Rod","Rod Smith","Smith","2.2461539048414965","13","6000","NYJ@NYG","NYG","NYJ","","","","",""
"37319-41857","RB","Dalyn","Dalyn Dawkins","Dawkins","0","0","6000","TEN@PHI","TEN","PHI","","","","",""
"37319-14211","RB","Mark","Mark Ingram","Ingram","11","12","6000","JAC@BAL","BAL","JAC","","","","",""
"37319-55172","TE","Cole","Cole Herdman","Herdman","0","0","6000","JAC@BAL","BAL","JAC","","","","",""
"37319-39818","RB","Wayne","Wayne Gallman Jr.","Gallman Jr.","2.8846153846153846","13","6000","NYJ@NYG","NYG","NYJ","","","","",""
"37319-41867","RB","Jordan","Jordan Wilkins","Wilkins","4.007692190317007","13","6000","IND@BUF","IND","BUF","","","","",""
"37319-56203","RB","Jonathan","Jonathan Hilliman","Hilliman","0","0","6000","NYJ@NYG","NYG","NYJ","","","","",""
"37319-40845","TE","Hunter","Hunter Henry","Henry","8.700000127156576","12","6000","LAC@ARI","LAC","ARI","","","","",""
"37319-19342","TE","Demetrius","Demetrius Harris","Harris","4.040000152587891","10","6000","WAS@CLE","CLE","WAS","Q","Undisclosed","","",""
"37319-41872","TE","Evan","Evan Engram","Engram","9.436363913796164","11","6000","NYJ@NYG","NYG","NYJ","","","","",""
"37319-64401","RB","Saquon","Saquon Barkley","Barkley","21.268749237060547","16","6000","NYJ@NYG","NYG","NYJ","","","","",""
"37319-29587","QB","Cody","Cody Kessler","Kessler","8.131999969482422","5","6000","TEN@PHI","PHI","TEN","","","","",""
"37319-56212","TE","Tommy","Tommy Sweeney","Sweeney","0","0","6000","IND@BUF","BUF","IND","","","","",""
"37319-38805","TE","Marcus","Marcus Baugh","Baugh","0","0","6000","CAR@CHI","CAR","CHI","","","","",""
"37319-39829","WR","Mike","Mike Williams","Williams","9.918749809265137","16","6000","LAC@ARI","LAC","ARI","","","","",""
"37319-103319","WR","Damon","Damon Sheehy-Guiseppi","Sheehy-Guiseppi","0","0","6000","WAS@CLE","CLE","WAS","","","","",""
"37319-63383","RB","Jordan","Jordan Scarlett","Scarlett","0","0","6000","CAR@CHI","CAR","CHI","","","","",""
"37319-29593","WR","Marqise","Marqise Lee","Lee","9.223077040452223","13","6000","JAC@BAL","JAC","BAL","NA","Knee - acl","","",""
"37319-28570","TE","Nick","Nick Vannett","Vannett","3.9600001017252606","15","6000","DEN@SEA","SEA","DEN","","","","",""
"37319-53148","RB","Jalin","Jalin Moore","Moore","0","0","6000","NYJ@NYG","NYJ","NYG","O","Ankle","","",""
"37319-62364","QB","Josh","Josh Rosen","Rosen","9.065714154924665","14","6000","ATL@MIA","MIA","ATL","","","","",""
"37319-14240","TE","Lance","Lance Kendricks","Kendricks","2.5","13","6000","NE@DET","NE","DET","Q","Undisclosed","","",""
"37319-86944","TE","Mik'Quan","Mik'Quan Deane","Deane","0","0","6000","WAS@CLE","CLE","WAS","","","","",""
"37319-40866","WR","J'Mon","J'Mon Moore","Moore","0.125","4","6000","HOU@GB","GB","HOU","","","","",""
"37319-29605","QB","Matt","Matt Barkley","Barkley","17.079999923706055","1","6000","IND@BUF","BUF","IND","","","","",""
"37319-63399","WR","Terry","Terry Godwin","Godwin","0","0","6000","CAR@CHI","CAR","CHI","","","","",""
"37319-25513","WR","Darius","Darius Jennings","Jennings","1.617142813546317","14","6000","TEN@PHI","TEN","PHI","","","","",""
"37319-55209","TE","Nate","Nate Becker","Becker","0","0","6000","IND@BUF","BUF","IND","","","","",""
"37319-56233","WR","Steve","Steve Ishmael","Ishmael","0","0","6000","IND@BUF","IND","BUF","","","","",""
"37319-54186","WR","A.J.","A.J. Richardson","Richardson","0","0","6000","LAC@ARI","ARI","LAC","","","","",""
"37319-30635","RB","Mike","Mike Davis","Davis","7.986666870117188","15","6000","CAR@CHI","CHI","CAR","","","","",""
"37319-39859","TE","Jack","Jack Doyle","Doyle","7.916666666666667","6","6000","IND@BUF","IND","BUF","Q","Oblique","","",""
"37319-43956","QB","David","David Fales","Fales","10.199999809265137","2","6000","NE@DET","DET","NE","","","","",""
"37319-8117","WR","Danny","Danny Amendola","Amendola","6.5279998779296875","15","6000","NE@DET","DET","NE","","","","",""
"37319-38837","QB","Danny","Danny Etling","Etling","0","0","6000","NE@DET","NE","DET","","","","",""
"37319-69558","WR","Greg","Greg Dortch","Dortch","0","0","6000","NYJ@NYG","NYJ","NYG","","","","",""
"37319-55224","RB","Reggie","Reggie Bonnafon","Bonnafon","0","0","6000","CAR@CHI","CAR","CHI","","","","",""
"37319-43961","RB","Tyler","Tyler Ervin","Ervin","0.5555555555555556","9","6000","JAC@BAL","BAL","JAC","","","","",""
"37319-103352","RB","Christian","Christian Wade","Wade","0","0","6000","IND@BUF","BUF","IND","","","","",""
"37319-56250","WR","Terry","Terry McLaurin","McLaurin","0","0","6000","WAS@CLE","WAS","CLE","","","","",""
"37319-63419","WR","Andy","Andy Isabella","Isabella","0","0","6000","LAC@ARI","ARI","LAC","Q","Knee","","",""
"37319-30654","TE","Jerell","Jerell Adams","Adams","2.199999968210856","6","6000","HOU@GB","HOU","GB","","","","",""
"37319-32703","WR","Jakeem","Jakeem Grant","Grant","6.179999923706054","10","6000","ATL@MIA","MIA","ATL","Q","Undisclosed","","",""
"37319-61379","RB","Kerrith","Kerrith Whyte Jr.","Whyte Jr.","0","0","6000","CAR@CHI","CHI","CAR","","","","",""
"37319-104388","WR","Tom","Tom Kennedy","Kennedy","0","0","6000","NE@DET","DET","NE","","","","",""
"37319-56262","WR","Parris","Parris Campbell","Campbell","0","0","6000","IND@BUF","IND","BUF","Q","Hamstring","","",""
"37319-103366","RB","Valentine","Valentine Holmes","Holmes","0","0","6000","NYJ@NYG","NYJ","NYG","","","","",""
"37319-56265","TE","Mike","Mike Gesicki","Gesicki","2.085714340209961","14","6000","ATL@MIA","MIA","ATL","","","","",""
"37319-70603","RB","Devin","Devin Singletary","Singletary","0","0","6000","IND@BUF","BUF","IND","","","","",""
"37319-14288","WR","Torrey","Torrey Smith","Smith","5.1875","8","6000","CAR@CHI","CAR","CHI","","","","",""
"37319-41936","WR","Anthony","Anthony Miller","Miller","6.914666748046875","15","6000","CAR@CHI","CHI","CAR","","","","",""
"37319-64467","RB","Dontae","Dontae Strickland","Strickland","0","0","6000","LAC@ARI","ARI","LAC","","","","",""
"37319-65492","TE","Dax","Dax Raymond","Raymond","0","0","6000","CAR@CHI","CHI","CAR","","","","",""
"37319-24533","TE","Mo","Mo Alie-Cox","Alie-Cox","3.1999999152289496","9","6000","IND@BUF","IND","BUF","","","","",""
"37319-30678","WR","Damiere","Damiere Byrd","Byrd","0.1857142789023263","7","6000","LAC@ARI","ARI","LAC","","","","",""
"37319-31703","TE","Malcolm","Malcolm Johnson","Johnson","0","0","6000","HOU@GB","GB","HOU","","","","",""
"37319-63447","WR","Penny","Penny Hart","Hart","0","0","6000","IND@BUF","IND","BUF","Q","Hamstring","","",""
"37319-43993","TE","Andrew","Andrew Vollert","Vollert","0","0","6000","LAC@ARI","LAC","ARI","","","","",""
"37319-55257","WR","Steven","Steven Dunbar Jr.","Dunbar Jr.","0","0","6000","DEN@SEA","DEN","SEA","","","","",""
"37319-56286","QB","Trace","Trace McSorley","McSorley","0","0","6000","JAC@BAL","BAL","JAC","","","","",""
"37319-40927","RB","David","David Williams","Williams","1.1999999682108562","3","6000","DEN@SEA","DEN","SEA","","","","",""
"37319-54239","TE","Matt","Matt Sokol","Sokol","0","0","6000","LAC@ARI","LAC","ARI","","","","",""
"37319-14304","TE","Luke","Luke Stocker","Stocker","3","12","6000","ATL@MIA","ATL","MIA","","","","",""
"37319-41954","WR","Victor","Victor Bolden Jr.","Bolden Jr.","0.5","3","6000","IND@BUF","BUF","IND","","","","",""
"37319-28643","WR","Allen","Allen Robinson II","Robinson II","9.676923311673677","13","6000","CAR@CHI","CHI","CAR","","","","",""
"37319-40932","WR","Pharoh","Pharoh Cooper","Cooper","0","7","6000","LAC@ARI","ARI","LAC","","","","",""
"37319-54244","WR","Kenny","Kenny Golladay","Golladay","11.473333740234375","15","6000","NE@DET","DET","NE","","","","",""
"37319-104421","TE","Jesper","Jesper Horsted","Horsted","0","0","6000","CAR@CHI","CHI","CAR","","","","",""
"37319-63461","RB","Darrin","Darrin Hall","Hall","0","0","6000","HOU@GB","GB","HOU","","","","",""
"37319-72676","RB","Troymaine","Troymaine Pope","Pope","0","0","6000","LAC@ARI","LAC","ARI","","","","",""
"37319-104424","RB","Craig","Craig Reynolds","Reynolds","0","0","6000","WAS@CLE","WAS","CLE","","","","",""
"37319-41964","TE","Vince","Vince Mayle","Mayle","1.5499999523162842","4","6000","LAC@ARI","LAC","ARI","","","","",""
"37319-41966","QB","Luke","Luke Falk","Falk","0","0","6000","NYJ@NYG","NYJ","NYG","","","","",""
"37319-65518","WR","John","John Ursua","Ursua","0","0","6000","DEN@SEA","SEA","DEN","","","","",""
"37319-14319","RB","Taiwan","Taiwan Jones","Jones","0","4","6000","HOU@GB","HOU","GB","","","","",""
"37319-56303","WR","Natrell","Natrell Jamerson","Jamerson","0","0","6000","HOU@GB","GB","HOU","","","","",""
"37319-14320","RB","Bilal","Bilal Powell","Powell","7.828571319580078","7","6000","NYJ@NYG","NYJ","NYG","","","","",""
"37319-64496","WR","Olamide","Olamide Zaccheaus","Zaccheaus","0","0","6000","ATL@MIA","ATL","MIA","","","","",""
"37319-26610","WR","Paul","Paul Richardson Jr.","Richardson Jr.","7.014285496303013","7","6000","WAS@CLE","WAS","CLE","","","","",""
"37319-29683","WR","Nelson","Nelson Agholor","Agholor","8.337499618530273","16","6000","TEN@PHI","PHI","TEN","","","","",""
"37319-63475","WR","Quadree","Quadree Henderson","Henderson","0","5","6000","NYJ@NYG","NYJ","NYG","","","","",""
"37319-48116","TE","Jonnu","Jonnu Smith","Smith","4.890909021550959","11","6000","TEN@PHI","TEN","PHI","NA","Knee - mcl","","",""
"37319-30709","WR","Bruce","Bruce Ellington","Ellington","6.2999997820172995","7","6000","NE@DET","NE","DET","","","","",""
"37319-57338","TE","Jordan","Jordan Akins","Akins","2.3846153846153846","13","6000","HOU@GB","HOU","GB","","","","",""
"37319-63484","QB","Kyler","Kyler Murray","Murray","0","0","6000","LAC@ARI","ARI","LAC","","","","",""
"37319-61468","WR","Juwan","Juwan Foggie","Foggie","0","0","4500","IND@BUF","BUF","IND","","","","",""
"37319-52391","WR","Jalen","Jalen Harvey","Harvey","0","0","4500","DEN@SEA","SEA","DEN","","","","",""
"37319-63869","WR","Parker","Parker Baldwin","Baldwin","0","0","4500","ATL@MIA","ATL","MIA","","","","",""
"37319-61871","WR","Blake","Blake Cashman","Cashman","0","0","4500","NYJ@NYG","NYJ","NYG","","","","",""
"37319-63387","WR","Jayson","Jayson Stanley","Stanley","0","0","4500","ATL@MIA","ATL","MIA","","","","",""
"37319-40123","TE","Eric","Eric Cotton","Cotton","0","0","2000","HOU@GB","GB","HOU","","","","",""
"37319-69354","WR","Kabion","Kabion Ento","Ento","0","0","0","HOU@GB","GB","HOU","","","","",""